domain,video_id,title,channel,channel_id,subscriber_count,view_count,like_count,comment_count,view_per_sub,like_per_view,upload_date,upload_weekday,duration_s,width,height,fps,aspect_ratio,has_chapters,has_nico_link,has_heatmap,was_premiere,collected_at,upload_hour,scene_duration_s,scene_fps,scene_num_scenes,scene_avg_shot_len_s,scene_median_shot_len_s,scene_min_shot_len_s,scene_max_shot_len_s,scene_cuts_per_minute,scene_avg_brightness,scene_avg_saturation,audio_duration_s,audio_bpm,audio_key,audio_key_confidence,audio_rms_mean,audio_rms_std,audio_spectral_centroid_hz,audio_onsets_per_sec,audio_peak_energy_at_s,audio_lufs_i,audio_lra_lu,tag_style_top,tag_mood_top,tag_closeup_ratio,tag_wide_ratio,tag_avg_characters,tag_lyrics_text_ratio,lyrics_n_lyric_lines,lyrics_first_lyric_at_s,lyrics_lyric_lines_per_min,lyrics_lang,lyrics_source,lyrics_first_vocal_at_s,thumb_style,thumb_num_characters,thumb_has_text,thumb_mood,thumb_composition,thumb_brightness,thumb_saturation,title_len,title_has_emoji,title_bracket_segments,title_has_mv_mark,title_exclaim_count,sync_cut_beat_offset_med_s,sync_cut_on_beat_ratio,sync_cut_accel_at_peak,sync_first_cut_s,sync_first_lyric_at_s,sync_beats_per_cut,lyrics_topic_1,lyrics_topic_2,lyrics_sentiment,lyrics_addressee,lyrics_text_frame_ratio,lyrics_has_hardsub,hook_cuts_first_15s,hook_energy_first_10s_ratio,audio_peak_energy_ratio,group,lyrics_compression_ratio,lyrics_title_first_s,lyrics_title_count,lyrics_first_chorus_s,sync_cut_on_line_ratio,heat_slope_first_30s,heat_peak_at_ratio,heat_peak_value
vocaloid,hrBjKBPNi1c,聖人君子でありたい / 重音テトSV,しゃいと,UC-6CnJA6jkZdv_yfv5KIcDA,37300,14372966,153729,2500,385.3342,0.0107,20250418,4,130,1920,1080,30,1.778,False,False,True,True,2026-07-16T08:40:51,3,129.77,30.0,48,2.7,1.39,0.53,19.77,22.2,0.39,0.316,129.79,117.5,G minor,0.399,0.2178,0.0833,2803.0,4.42,110,-13.1,3.5,anime,분노,0.729,0.125,0.9,0.812,26,0,12.0,ja,ocr,0,anime,1,False,분노,인물 클로즈업,0.277,0.206,18,False,0,False,0,0.115,0.447,0.41,0.67,0,5.3,이별,판타지,부정,1인칭 독백,0.338,True,10,0.88,0.848,top,0.4892,,0,50,0.2553,0.008517,0.725,1.0
vocaloid,icBDYkfxpMs,"ループザルーム feat. 初音ミク / ""Looping the Rooms"" ft. Hatsune Miku",rusino / ルシノ,UCjuAuVO76nZ0mjYzdz3961Q,160000,57137873,943539,17000,357.1117,0.0165,20251218,3,134,1920,1080,30,1.778,False,True,True,False,2026-07-16T08:43:48,2,134.07,30.0,32,4.19,2.57,0.73,22.07,14.3,0.215,0.36,134.11,161.5,C minor,0.44,0.2213,0.0795,2654.0,2.45,40,-12.7,3.9,anime,긴장,0.219,0.75,1.94,0.438,13,16,5.8,ja,ocr,13,anime,1,False,슬픔,인물 클로즈업,0.308,0.281,57,False,0,False,0,0.134,0.29,0.86,2.13,16,11.3,희망,,긍정,1인칭 독백,0.284,True,4,0.816,0.298,top,0.6734,,0,78,0.0968,0.016595,0.2871,1.0
vocaloid,OSeSYGiDf9w,暴飲暴食P 「うそつきマカロン」feat. 重音テト,暴飲暴食P,UCRF-oSGAxISmpBubZT3WPXQ,77200,20836999,297758,20000,269.9093,0.0143,20260128,2,169,2560,1440,60,1.778,False,False,True,True,2026-07-16T08:45:56,3,169.01,59.481,95,1.78,1.06,0.29,9.18,33.7,0.633,0.683,169.03,107.7,G minor,0.701,0.1458,0.0489,2833.0,3.59,130,-16.6,3.1,anime,활기,0.853,0.074,1.13,0.768,29,10,10.3,ja,ocr,8,anime,1,False,슬픔,인물 클로즈업,0.707,0.622,26,False,0,False,0,0.169,0.287,1.89,0.6,10,3.2,자기긍정,이별,부정,1인칭 독백,0.471,True,5,0.801,0.769,top,0.4276,,0,132,0.1596,0.036672,0.1559,1.0
vocaloid,R401j1QAvEg,スプリットダンス / 初音ミク・重音テト,えいぷ,UCOD2pj9gjQvgJX6bbhj0xlQ,66100,10945279,199626,4600,165.5867,0.0182,20260213,4,147,1920,1080,24,1.778,False,False,True,False,2026-07-16T08:50:57,2,147.0,24.0,47,3.13,2.25,0.67,12.88,19.2,0.509,0.336,147.03,92.3,D minor,0.336,0.3153,0.1024,2933.0,2.37,120,-9.6,3.2,anime,평온,0.766,0.149,1.06,0.489,23,5,9.4,ja,asr,5,anime,1,True,활기,인물 클로즈업,0.663,0.462,20,False,0,False,0,0.162,0.239,0.16,1.88,5,4.8,이별,판타지,부정,1인칭 독백,0.11,True,5,0.88,0.816,top,0.6028,,0,50,0.1957,0.010558,0.7601,1.0
vocaloid,8Cm-7oCq9HA,[MV] TAK - ‘PPPP’ feat. 初音ミク、重音テト,TAK / DORIDORI,UCktjMRvuBnE_XLVWIMa2H1w,395000,55278843,684782,27000,139.9464,0.0124,20250917,2,156,1920,1080,24,1.778,False,False,True,True,2026-07-16T08:53:48,2,156.08,24.0,73,2.14,1.67,0.62,5.92,28.1,0.665,0.282,156.09,152.0,G# minor,0.448,0.3107,0.1467,2623.0,3.3,120,-10.3,5.3,anime,활기,0.37,0.329,1.68,0.712,18,8,6.9,ja,ocr,5,anime,2,False,활기,인물 클로즈업,0.846,0.279,33,False,1,True,0,0.11,0.444,1.08,3.17,8,5.4,사랑,,긍정,1인칭 독백,0.654,True,6,0.636,0.769,top,0.5569,,0,,0.125,0.018361,0.5686,1.0
vocaloid,3iUgKH8c7p4,いますぐ輪廻 / 初音ミク,NAKISO,UC7d3Y_v5O202eo006uvvPzw,522000,70361123,904544,25000,134.7914,0.0129,20250801,4,123,1920,1080,24,1.778,False,False,True,False,2026-07-16T08:57:53,3,122.5,24.0,41,2.99,1.62,0.67,12.38,20.1,0.372,0.104,122.51,143.6,D# major,0.277,0.3599,0.1438,2401.0,4.5,10,-10.2,2.8,anime,활기,0.537,0.122,0.73,0.732,43,0,21.1,ja,ocr,0,anime,1,False,활기,인물 클로즈업,0.579,0.326,13,False,0,False,0,0.111,0.35,1.22,0.67,0,7.1,이별,판타지,부정,1인칭 독백,0.738,True,8,1.09,0.082,top,0.4205,52,6,8,0.3,-0.017687,0.805,1.0
vocaloid,Ce25e2hH8GQ,春秋 feat. 紅月ナギ / ぬか暖簾［オリジナルMV］,ぬか暖簾,UCV9Z00kb1Khj66fIRv4JVyw,3430,355644,67,13,103.6863,0.0002,20251024,4,311,3840,2160,24,1.778,False,False,False,True,2026-07-16T09:00:22,5,311.29,24.0,2,155.65,155.65,17.29,294.0,0.4,0.284,0.196,311.31,161.5,F# major,0.803,0.1201,0.064,1920.0,1.9,210,-17.4,8.9,anime,평온,0.0,1.0,0.0,1.0,20,28,3.9,ja,ocr,2,anime,0,True,평온,풍경 와이드,0.453,0.323,29,False,0,False,0,4.099,0.0,0.0,294.0,28,403.8,희망,,긍정,1인칭 독백,0.513,True,0,0.377,0.675,top,0.7614,,0,,0.0,,,
vocaloid,uWMr16O_Aso,目撃！テト31世🎉🎃🧟雨衣・重音テト,はろける・HALLO CEL,UCzSSgepHcIeSH3SgVwUHBNw,341000,30064491,440649,14000,88.1657,0.0147,20251031,4,139,1920,1080,24,1.778,False,True,True,True,2026-07-16T09:02:09,2,138.71,24.0,41,3.38,1.62,0.75,18.12,17.7,0.486,0.379,138.73,161.5,G minor,0.329,0.2514,0.075,3259.0,2.67,120,-10.8,4.8,anime,활기,0.585,0.146,1.2,0.756,42,8,18.2,ja,ocr,1,anime,2,True,활기,인물 클로즈업,0.575,0.286,18,True,0,False,1,0.057,0.825,1.04,1.29,8,9.1,이별,판타지,부정,1인칭 독백,0.754,True,5,0.934,0.865,top,0.4419,,0,80,0.225,0.008295,0.735,1.0
vocaloid,OreUrf87EUE,我ら！ゴミ分別団／重音テト＆ずんだもん【SDGs Song】,かてらざわ,UCv0xLMeNJhh7J1jEDz3hOAQ,76900,6473798,123624,4700,84.1846,0.0191,20260111,6,137,1920,1080,30,1.778,False,False,True,False,2026-07-16T09:04:46,19,137.13,30.0,52,2.64,1.02,0.57,14.67,22.8,0.832,0.764,137.15,161.5,A minor,0.462,0.1771,0.092,2862.0,4.21,70,-14.4,6.3,anime,활기,0.308,0.0,1.58,0.769,28,4,12.3,ja,ocr,0,anime,2,False,활기,인물 클로즈업,0.827,0.733,31,False,1,False,1,0.047,0.706,0.81,1.23,4,7.1,이별,판타지,부정,3인칭 관찰,0.493,True,16,1.175,0.51,top,0.5509,,0,,0.1961,-0.004129,0.69,1.0
vocaloid,eCjfSDz4eRo,重音テトはこんなパーティ二人で抜け出せるのか／重音テトSV＆初音ミク,かてらざわ,UCv0xLMeNJhh7J1jEDz3hOAQ,76900,5465486,87605,1800,71.0726,0.016,20250517,5,101,1920,1080,30,1.778,False,False,True,False,2026-07-16T09:07:53,23,101.33,30.0,39,2.6,1.5,0.57,13.03,23.1,0.696,0.759,101.35,152.0,C# major,0.648,0.302,0.117,2625.0,4.6,70,-10.4,3.5,anime,활기,0.205,0.051,1.31,0.949,25,0,14.8,ja,ocr,0,anime,2,True,활기,인물 클로즈업,0.618,0.508,34,False,0,False,0,0.06,0.684,0.93,7.87,0,6.6,이별,판타지,부정,2인칭 대상,0.569,True,5,1.121,0.691,top,0.5174,,0,40,0.1316,-0.008002,0.7423,0.7639
vocaloid,TbakFPc4ZTw,怪獣になりたい / Sakuzyo feat. 初音ミク 【プロジェクトセカイChampionship 2025】【MV】,Sakuzyo Official,UC58hIFa6J8zRm3dKg7exQ2Q,123000,8714474,,8600,70.8494,0.0,20251018,5,125,1920,1080,30,1.778,False,False,True,False,2026-07-16T09:10:10,5,124.6,30.0,51,2.44,1.47,0.5,11.17,24.6,0.64,0.245,124.67,107.7,F minor,0.819,0.2999,0.1077,2764.0,1.09,110,-10.2,4.6,anime,긴장,0.294,0.529,2.75,0.255,35,4,16.9,ja,asr,4,anime,1,True,활기,인물 클로즈업,0.722,0.221,61,False,2,True,0,0.133,0.32,0.75,1.0,4,4.4,이별,희망,부정,1인칭 독백,0.032,False,4,0.746,0.882,top,0.6745,,0,64,0.24,-0.000126,0.495,1.0
vocaloid,rv_SfZ2DVRA,このサメ飼ってもいい？ - 初音ミク [せなすけ] Official MV,せなすけ,UC2IHTTgjQvoYdxj0-Fn3WZg,86400,5862003,60932,2800,67.8473,0.0104,20250625,2,123,1920,1080,30,1.778,False,False,True,False,2026-07-16T10:49:09,3,123.1,30.0,49,2.51,1.37,0.67,11.17,23.9,0.907,0.619,123.11,89.1,D major,0.745,0.0983,0.049,2657.0,4.91,50,-18.8,4.1,anime,활기,0.286,0.061,1.69,0.755,37,8,18.0,ja,ocr,0,anime,2,True,활기,인물 클로즈업,0.915,0.612,37,False,1,True,0,0.09,0.521,1.15,5.73,8,3.7,사랑,이별,부정,1인칭 독백,0.629,True,5,0.831,0.406,top,0.4201,,0,14,0.2083,-0.023482,0.0554,0.4782
vocaloid,Dz5rALpx06M,バゥムクゥヘン・エンドロゥル / 雨良 feat.初音ミクVS重音テトVS亞北ネル(Baumkuchen End Credits / Amala ft.Miku vs Teto vs Neru),雨良 Amala,UCeBuESc6vN_IiFR3je4NYTg,636000,36083032,469718,23000,56.7343,0.013,20251226,4,146,1920,1080,30,1.778,False,False,True,True,2026-07-16T10:52:24,2,146.17,30.0,51,2.87,2.07,0.5,9.67,20.9,0.487,0.339,146.17,123.0,D# minor,0.8,0.3237,0.132,2660.0,2.69,120,-8.8,5.8,anime,활기,0.725,0.098,1.24,0.941,33,4,13.5,ja,ocr,0,anime,3,False,활기,인물 클로즈업,0.776,0.628,97,False,0,False,0,0.11,0.48,1.75,0.67,4,5.9,이별,자기긍정,부정,1인칭 독백,0.575,True,2,0.734,0.821,top,0.5308,,0,130,0.22,-0.000617,0.3172,1.0
vocaloid,bmbAm-fKnbQ,"クローンクローン / GUMI, 鏡音リン",Atena,UCSVe_NzxYvegv-f5pWBbS5A,169000,6137010,110074,3800,36.3137,0.0179,20250628,5,150,1920,1080,24,1.778,False,True,True,True,2026-07-16T10:55:50,4,149.5,24.0,79,1.89,1.5,0.62,8.92,31.7,0.663,0.324,149.51,161.5,A# major,0.89,0.2589,0.091,2679.0,2.15,130,-11.4,3.7,anime,활기,0.367,0.418,1.63,0.911,80,4,32.1,ja,ocr,0,anime,2,False,활기,인물 클로즈업,0.833,0.478,21,False,0,False,0,0.095,0.513,0.86,2.5,4,5.1,이별,어둠/절망,부정,1인칭 독백,0.787,True,11,0.9,0.87,top,0.3738,,0,40,0.4487,-0.02832,0.365,0.9739
vocaloid,7Ucwpeg9iXM,"どりーむもーど / 音街ウナ, 歌愛ユキ",Atena,UCSVe_NzxYvegv-f5pWBbS5A,169000,5610843,104508,5000,33.2003,0.0186,20251101,5,144,1920,1080,24,1.778,False,True,True,True,2026-07-16T11:00:31,4,143.5,24.0,40,3.59,1.71,0.71,17.12,16.7,0.653,0.296,143.51,136.0,A major,0.851,0.2538,0.0867,2530.0,3.16,120,-11.6,2.3,anime,활기,0.2,0.225,1.75,0.975,93,2,38.9,ja,ocr,0,anime,2,False,활기,인물 클로즈업,0.743,0.407,20,False,0,False,0,0.094,0.513,0.37,1.83,2,8.1,일상,판타지,양가,1인칭 독백,0.903,True,5,0.476,0.836,top,0.3831,,0,40,0.3846,0.022243,0.355,1.0
vocaloid,JAWrvTEPDLc,クローバー♧クラブ -C♧C- / ゆうゆ feat.初音ミク (Clover Club -C&C- / Yuuyu feat.Hatsune Miku),ゆうゆ /仮乃スガタ,UCDaNhtCAFnvRKIyI8j8mObg,46900,1547726,39892,903,33.0006,0.0258,20250412,5,187,1920,1080,30,1.778,False,False,True,True,2026-07-16T11:03:33,4,186.47,30.0,77,2.42,1.4,0.6,10.8,24.8,0.824,0.362,186.57,172.3,F# minor,0.754,0.2489,0.1013,2936.0,2.84,60,-12.2,4.8,anime,활기,0.766,0.208,0.62,0.779,43,0,13.8,ja,asr,0,anime,1,False,활기,인물 클로즈업,0.904,0.317,77,True,0,False,0,0.114,0.329,1.96,5.77,0,6.9,일상,메타/음악,긍정,1인칭 독백,0.161,True,3,0.579,0.322,top,0.3912,,0,50,0.4079,0.003643,0.285,1.0
vocaloid,IxSvgPhdc8c,弱者のマーチ / 重音テト,えいぷ,UCOD2pj9gjQvgJX6bbhj0xlQ,66100,2074784,55347,1300,31.3886,0.0267,20260123,4,193,1920,1080,30,1.778,False,False,True,False,2026-07-16T11:08:32,2,192.97,30.0,66,2.92,1.27,0.5,18.47,20.5,0.578,0.496,192.97,123.0,G minor,0.377,0.323,0.1142,2844.0,3.95,150,-9.5,3.3,anime,분노,0.364,0.348,2.23,0.818,59,2,18.3,ja,ocr,22,anime,1,False,활기,인물 클로즈업,0.734,0.738,13,False,0,False,0,0.144,0.262,1.19,0.83,2,6.0,이별,어둠/절망,부정,1인칭 독백,0.812,True,1,0.786,0.777,top,0.5175,154,1,136,0.2923,0.016772,0.8092,1.0
vocaloid,s4kAOHUSvT8,トーストになっちゃった！！ / 足立レイ,maino,UC831qgpKyOctlC4-psqqm9A,12100,329953,11803,538,27.2688,0.0358,20251128,4,123,1920,1080,60,1.778,False,False,True,False,2026-07-16T11:13:17,2,122.98,60.0,94,1.31,0.47,0.42,15.38,45.9,0.609,0.548,122.99,103.4,F# major,0.348,0.2478,0.0912,3114.0,4.09,50,-12.6,2.3,anime,활기,0.957,0.032,0.91,0.926,23,2,11.2,ja,ocr,0,anime,1,False,활기,인물 클로즈업,0.523,0.495,20,False,0,False,2,0.134,0.366,1.98,1.83,2,2.3,일상,,부정,1인칭 독백,0.426,True,25,1.115,0.407,top,0.4365,98,1,46,0.3656,0.004531,0.995,1.0
vocaloid,ZxmqjmSCJOY,ブラッドドール / 初音ミク,Fuyuuu,UCDauwHFpO9lXhYmI0wvNbYA,22700,548969,31249,594,24.1837,0.0569,20250530,4,158,1920,1080,24,1.778,False,False,True,True,2026-07-16T11:18:30,3,157.58,24.0,96,1.64,1.25,0.67,6.62,36.6,0.303,0.391,157.61,152.0,F minor,0.492,0.3209,0.1003,2374.0,2.23,20,-10.3,4.8,anime,긴장,0.927,0.073,0.85,0.76,44,0,16.8,ja,asr,0,anime,1,False,슬픔,인물 클로즈업,0.495,0.405,14,False,0,False,0,0.095,0.526,1.24,2.42,0,4.2,이별,판타지,부정,1인칭 독백,0.076,False,7,1.006,0.127,top,0.4899,,0,123,0.2737,0.011328,0.875,1.0
vocaloid,W9eytW6iZKY,V  / Kakuriyo feat.初音ミク+鏡音リン+重音テト+GUMI+flower,Kakuriyo(幽世55番街),UCGa-5RWIYwrQi74aextL2yQ,17100,400681,14133,196,23.4316,0.0353,20250617,1,198,3840,2160,60,1.778,False,False,True,True,2026-07-16T11:24:21,5,198.1,60.0,200,0.99,0.65,0.25,7.28,60.6,0.579,0.485,198.11,129.2,F# minor,0.613,0.322,0.1054,3137.0,3.83,40,-9.7,4.3,anime,활기,0.565,0.35,2.2,0.825,9,24,2.7,ja,ocr,0,anime,5,False,활기,인물 클로즈업,0.481,0.559,45,False,0,False,0,0.141,0.322,1.24,0.62,24,2.1,자기긍정,,긍정,1인칭 독백,0.687,True,16,0.591,0.202,top,0.9558,,0,,0.0251,0.010002,0.8995,1.0
vocaloid,7EYuHASt2Ks,"ᵇᵉˢᵗ ᶠʳⁱᴱᴺᴰ / 雨衣, 初音ミク",hya,UC-bOZPPEmO96K7DEHi2lGcw,61500,1211244,45048,1100,19.695,0.0372,20251018,5,198,1920,1080,24,1.778,False,False,True,True,2026-07-16T11:36:31,7,197.83,24.0,115,1.72,1.29,0.62,7.83,34.9,0.206,0.376,197.83,89.1,F# minor,0.56,0.1711,0.082,3154.0,3.89,160,-14.6,7.0,anime,슬픔,0.757,0.235,0.97,0.748,54,2,16.4,ja,ocr,1,anime,1,False,슬픔,인물 클로즈업,0.248,0.335,22,False,0,False,0,0.151,0.219,1.3,1.29,2,2.6,사랑,이별,부정,1인칭 독백,0.677,True,3,0.748,0.809,top,0.537,,0,,0.2544,0.012305,0.805,1.0
vocaloid,Jtm6ikBIl0g,ピノキオピー - T氏の話を信じるな feat. 初音ミク・重音テト / Don’t Believe in T,ピノキオピー PINOCCHIOP OFFICIAL CHANNEL,UCMMBGMjrrWcRZmG_lW4jC-Q,1670000,25909147,303469,10000,15.5145,0.0117,20250627,4,163,1920,1080,30,1.778,False,False,True,False,2026-07-16T11:43:19,3,163.16,29.97,92,1.77,1.44,0.53,7.74,33.8,0.613,0.331,163.17,143.6,F minor,0.476,0.2681,0.0971,2933.0,4.38,140,-11.6,3.9,anime,활기,0.804,0.109,1.33,0.88,22,42,8.1,ja,ocr,3,anime,2,True,활기,인물 클로즈업,0.726,0.301,55,False,0,False,0,0.08,0.571,0.9,0.83,42,4.2,자기긍정,,긍정,1인칭 독백,0.305,True,7,0.769,0.858,top,0.5656,,0,,0.0879,-0.014099,0.2566,0.625
vocaloid,cknsKkzA2lM,サ終あざした / 重音テトSV,avaraya,UCT5glZ9wVWRo0VsKzsG5DlQ,49900,706448,18245,424,14.1573,0.0258,20250701,1,200,1920,1080,24,1.778,False,False,True,False,2026-07-16T11:49:12,4,200.12,23.976,50,4.0,2.31,0.75,17.89,15.0,0.44,0.5,200.13,152.0,D major,0.667,0.221,0.0785,2940.0,3.85,80,-12.9,6.5,anime,활기,0.34,0.54,0.54,0.7,37,2,11.1,ja,ocr,0,3dcg,1,True,활기,인물 클로즈업,0.583,0.59,15,False,0,False,0,0.134,0.327,0.82,1.17,2,10.1,이별,판타지,부정,1인칭 독백,0.48,True,3,0.86,0.4,top,0.5354,,0,90,0.1429,0.009584,0.7688,1.0
vocaloid,4LrRm2Kv0So,リトライ！ / 初音ミク・重音テト - Retry!,hiroki.,UC2zxEt15cSuHEEj5PoNEm2g,105000,1417177,42993,1800,13.4969,0.0303,20251024,4,74,1920,1080,30,1.778,False,False,True,True,2026-07-16T11:53:07,3,74.0,30.0,34,2.18,1.55,0.57,11.8,27.6,0.741,0.234,74.01,112.3,E minor,0.284,0.1292,0.0617,2437.0,3.61,10,-17.8,8.8,anime,활기,0.5,0.294,1.65,0.794,1,2,0.8,ja,asr,2,anime,2,False,슬픔,인물 클로즈업,0.754,0.33,26,False,0,False,2,0.153,0.273,1.35,3.67,2,4.1,,,,,0.378,True,8,1.238,0.135,top,,,,,,-0.016917,0.055,0.6199
vocaloid,7qAAg5WeB20,"halyosy - ダンロウグモ ft. KAITO, 鏡音レン [Official Video]",halyosy,UC-cGs-5HqIutyUrPa8mmDUA,214000,2854955,16136,318,13.3409,0.0057,20251030,3,193,2560,1440,24,1.778,False,False,True,False,2026-07-16T11:55:36,2,192.92,24.0,78,2.47,1.65,0.67,12.42,24.3,0.343,0.469,192.93,107.7,A minor,0.71,0.2814,0.0833,2529.0,3.78,170,-11.0,2.8,anime,긴장,0.885,0.077,1.15,0.859,18,2,5.6,ja,ocr,1,anime,2,True,긴장,인물 클로즈업,0.54,0.494,49,False,1,False,0,0.11,0.429,0.88,12.42,2,4.4,이별,어둠/절망,부정,1인칭 독백,0.312,True,2,0.888,0.881,top,0.5318,,0,138,0.0909,0.01546,0.835,1.0
vocaloid,-FX7yWRFw9Y,【Youtube登録5万人感謝曲】箱庭は続く / feat. DIORAMA×知声×可不,DIORAMA,UCbgZoMcYhiGNJ5fyqyPcW6Q,61800,229,10,5,0.0037,0.0437,20251203,2,92,1920,1080,60,1.778,False,False,False,False,2026-07-16T12:00:50,1,91.9,60.0,3,30.63,27.48,6.05,58.37,2.0,0.495,0.143,91.91,103.4,D# major,0.895,0.1393,0.0598,1896.0,3.11,70,-16.1,5.6,anime,평온,0.333,0.333,1.33,1.0,8,11,5.2,ja,asr,11,anime,2,True,평온,인물 클로즈업,0.722,0.199,44,False,1,False,0,0.088,1.0,0.0,58.37,11,51.7,희망,,긍정,1인칭 독백,0.043,False,0,0.648,0.762,bottom,0.577,,0,,0.0,,,
vocaloid,E0MpuPcY_1A,【メリクリ】夜撫でるメノウ / Ayase feat.DIORAMA & GUMI SV,DIORAMA,UCbgZoMcYhiGNJ5fyqyPcW6Q,61800,436,11,5,0.0071,0.0252,20251224,2,281,1920,1080,60,1.778,False,False,False,True,2026-07-16T12:01:48,1,280.82,60.0,11,25.53,10.48,1.7,75.0,2.4,0.434,0.088,280.83,99.4,D# major,0.536,0.198,0.0914,2063.0,3.63,230,-14.6,6.2,anime,평온,0.0,0.364,1.0,0.455,20,18,4.3,ja,ocr,8,anime,1,True,평온,인물 클로즈업,0.749,0.087,44,False,1,False,0,0.128,0.3,0.0,10.48,18,41.4,이별,희망,부정,2인칭 대상,0.421,True,2,0.111,0.819,bottom,0.5907,,0,,0.0,,,
vocaloid,h-ibHxT6xbY,九月の妄想 September Delusion #horror #dreamcore #liminalspace,永久恋愛ととと Eclair Tototo,UCZPNQj7_olP2il2aHitNehA,1860,39,2,1,0.021,0.0513,20251014,1,116,1280,720,30,1.778,False,False,False,False,2026-07-16T12:05:58,2,116.3,30.0,38,3.06,1.69,0.63,12.3,19.6,0.216,0.467,116.31,129.2,F minor,0.828,0.1111,0.0503,469.0,1.99,80,-18.7,5.3,live_action,평온,0.447,0.132,0.95,1.0,41,8,21.2,ja,ocr,,anime,2,True,슬픔,인물 클로즈업,0.313,0.321,57,False,0,False,0,0.118,0.351,0.63,3.57,8,6.6,이별,판타지,부정,1인칭 독백,0.897,True,8,0.792,0.688,bottom,0.1841,,0,18,0.2432,,,
vocaloid,SgmdoeayELI,"愛して愛して愛のザイシャ Love Me, Love Me, the Sin Named Zaisya #初音ミク #music #オリジナル曲",永久恋愛ととと Eclair Tototo,UCZPNQj7_olP2il2aHitNehA,1860,69,2,,0.0371,0.029,20251122,5,124,1280,720,30,1.778,False,False,False,False,2026-07-16T12:08:18,1,123.47,30.0,6,20.58,8.73,1.47,80.2,2.9,0.182,0.25,123.47,107.7,A minor,0.746,0.2798,0.0793,2710.0,0.92,70,-11.1,1.2,anime,슬픔,1.0,0.0,0.67,0.667,24,0,11.7,ja,ocr,,anime,1,True,슬픔,인물 클로즈업,0.398,0.407,72,False,0,False,0,0.132,0.4,0.0,80.2,0,37.1,이별,희망,부정,1인칭 독백,0.968,True,0,1.115,0.567,bottom,0.24,,0,44,0.4,,,
vocaloid,aIIevDkXt2E,快晴の扉を開けて / 初音ミク【イラスト統一祭2025】,赤猫,UCUN9LanpplJ21Cla0Z5J29g,1770,82,9,3,0.0463,0.1098,20250919,4,159,1920,1080,30,1.778,False,False,False,False,2026-07-16T12:09:40,8,159.33,30.0,13,12.26,10.63,0.53,30.2,4.9,0.463,0.366,159.35,89.1,F# major,0.864,0.1714,0.0493,3195.0,1.39,110,-13.7,4.6,anime,평온,0.0,1.0,0.62,0.769,21,0,7.9,ja,asr,0,anime,1,True,평온,인물 클로즈업,0.737,0.607,28,False,1,False,0,0.27,0.167,1.33,0.73,0,18.2,희망,,긍정,1인칭 독백,0.062,False,1,0.626,0.69,bottom,0.5677,,0,100,0.0833,,,
vocaloid,LaceJI6HjpI,"明日、僕が消える前に / 雨良 feat.初音ミク (Tomorrow, before I disappear / Amala ft.Miku)",雨良 Amala,UCeBuESc6vN_IiFR3je4NYTg,636000,33329,1874,105,0.0524,0.0562,20250628,5,98,1920,1080,60,1.778,False,False,False,True,2026-07-16T12:11:29,2,97.88,60.0,20,4.89,5.04,0.28,13.43,12.3,0.887,0.053,97.91,103.4,C# major,0.714,0.1749,0.0757,2993.0,3.39,60,-14.2,6.5,live_action,평온,0.3,0.55,0.95,0.45,19,0,11.6,ja,ocr,0,anime,0,True,슬픔,풍경 와이드,0.581,0.133,72,False,0,False,0,0.094,0.526,0.52,9.1,0,8.4,이별,희망,부정,1인칭 독백,0.816,True,2,0.873,0.613,bottom,0.528,0,4,10,0.1579,,,
vocaloid,CfGwxWa5dqM,レイス / AI ナースロボ_タイプT × ナースロボ_タイプT,赤猫,UCUN9LanpplJ21Cla0Z5J29g,1770,112,16,1,0.0633,0.1429,20251124,0,179,1920,1080,30,1.778,False,False,False,False,2026-07-16T12:13:27,4,179.1,30.0,9,19.9,12.0,1.57,59.87,3.0,0.227,0.033,179.13,161.5,F# minor,0.706,0.1888,0.0633,3358.0,3.44,60,-14.1,3.4,anime,어둠,0.111,0.889,0.89,0.778,18,0,6.0,ja,ocr,0,anime,1,True,슬픔,인물 클로즈업,0.622,0.063,32,False,0,False,0,0.06,0.875,0.0,2.07,0,53.8,어둠/절망,,부정,1인칭 독백,0.444,True,1,0.875,0.335,bottom,0.5812,,0,,0.0,,,
vocaloid,mUTOHRgD-os,【重音テト】ロックな心でぶっ壊せ【オリジナル】,Diorite Shun,UCzILA7ouPpZgvu9V8igaBeQ,1270,84,12,,0.0661,0.1429,20260222,6,103,960,720,30,1.333,False,False,False,False,2026-07-16T12:15:24,3,103.4,30.0,1,103.4,103.4,103.4,103.4,0.6,0.621,0.106,103.41,117.5,E minor,0.74,0.1375,0.04,2227.0,4.18,90,-17.9,4.0,anime,활기,0.0,0.0,1.0,1.0,45,0,26.1,ja,ocr,0,anime,1,True,활기,인물 클로즈업,0.473,0.085,23,False,2,False,0,,,,,0,195.8,희망,자기긍정,긍정,1인칭 독백,0.827,True,0,0.809,0.87,bottom,0.2359,,0,12,,,,
vocaloid,HWgwsHrNQU4,BALLOON  -alternative- feat.TIARA,StudioTiara -Official-,UC_VPwodspkZdEXr9fZJ8fXg,17500,1227,108,15,0.0701,0.088,20251121,4,106,720,480,30,1.5,False,False,False,False,2026-07-16T12:16:26,3,105.77,30.0,7,15.11,3.27,1.6,78.17,4.0,0.098,0.239,105.77,107.7,D minor,0.523,0.2637,0.112,2674.0,2.18,90,-10.5,7.0,anime,활기,0.286,0.286,0.43,0.286,6,26,3.4,ja,asr,26,motion_graphics,0,True,활기,텍스트 중앙,0.057,0.088,33,False,0,False,0,0.146,0.333,0.0,8.37,26,26.9,,,,,0.0,False,3,0.61,0.851,bottom,,,,,,,,
vocaloid,uXvbBt3o0GU,【重音テト】何億光年と走り抜け,Diorite Shun,UCzILA7ouPpZgvu9V8igaBeQ,1270,100,18,,0.0787,0.18,20250926,4,81,960,720,30,1.333,False,False,False,False,2026-07-16T12:18:10,2,81.17,30.0,1,81.17,81.17,81.17,81.17,0.7,0.584,0.119,81.17,117.5,C# minor,0.549,0.144,0.0312,2440.0,6.16,40,-17.4,1.7,anime,슬픔,0.0,0.0,1.0,1.0,11,0,8.1,ja,ocr,0,anime,1,True,슬픔,인물 클로즈업,0.445,0.101,15,False,1,False,0,,,,,0,167.9,어둠/절망,,부정,1인칭 독백,0.878,True,0,1.011,0.493,bottom,0.3647,,0,60,,,,
vocaloid,PvV3HZvv5a0,Silent Destiny feat.てぃあら,StudioTiara -Official-,UC_VPwodspkZdEXr9fZJ8fXg,17500,1420,126,4,0.0811,0.0887,20251230,1,158,1920,1080,30,1.778,False,False,False,False,2026-07-16T12:18:58,4,158.33,30.0,28,5.65,4.87,0.57,33.77,10.6,0.214,0.377,158.35,95.7,G# major,0.775,0.2591,0.1175,2692.0,3.04,140,-11.2,5.9,anime,평온,0.071,0.893,0.11,0.786,14,44,5.3,ja,ocr,2,anime,1,True,신비,인물 클로즈업,0.246,0.678,24,False,0,False,0,0.225,0.333,0.0,4.93,44,9.0,판타지,,중립,1인칭 독백,0.127,True,3,0.485,0.884,bottom,0.3158,,0,90,0.037,,,
vocaloid,iFn15MwYJ9g,【VocaDuo2025】ショコラマジック / チーム dolce m!ele,rusino / ルシノ,UCjuAuVO76nZ0mjYzdz3961Q,160000,14171,537,18,0.0886,0.0379,20250705,5,162,1920,1080,30,1.778,False,True,False,False,2026-07-16T12:21:35,1,162.4,30.0,4,40.6,28.12,4.6,101.57,1.5,0.896,0.164,162.43,78.3,G major,0.548,0.1908,0.0665,2749.0,3.98,110,-14.4,3.4,anime,활기,0.25,0.75,0.75,0.75,18,7,6.7,ja,asr,7,anime,1,True,활기,인물 클로즈업,0.874,0.285,39,False,1,False,1,0.281,0.0,2.71,4.6,7,52.2,사랑,희망,긍정,1인칭 독백,0.025,False,1,0.889,0.677,bottom,0.545,,0,,0.3333,,,
vocaloid,i-FD7IfSJ40,歌流間 / 初音ミク MV,獅子志司,UCihQ9WPpwc-fZ9lz3ZjAYnA,213000,19851,1120,27,0.0932,0.0564,20250404,4,236,1920,1080,24,1.778,False,False,False,False,2026-07-16T12:23:04,3,235.62,24.0,107,2.2,1.54,0.67,14.33,27.2,0.49,0.423,235.63,117.5,A# major,0.894,0.2283,0.0938,2444.0,4.07,50,-12.2,5.7,anime,긴장,0.701,0.234,1.21,0.056,73,16,18.6,ja,asr,16,anime,1,True,활기,인물 클로즈업,0.906,0.38,13,False,0,True,0,0.139,0.349,1.0,4.17,16,4.3,어둠/절망,판타지,부정,1인칭 독백,0.085,False,4,0.506,0.212,bottom,0.5742,,0,,0.3774,,,
vocaloid,VRukT2CJTzQ,Nýx / TOOBOE,john / TOOBOE,UCV8slsLG3_GKRxjpg8NVqXg,631000,59680,2054,60,0.0946,0.0344,20250926,4,183,3840,2160,24,1.778,False,False,True,True,2026-07-16T12:29:41,4,183.06,23.976,40,4.58,4.25,0.88,14.97,13.1,0.111,0.28,183.07,99.4,F# major,0.773,0.2063,0.1421,1840.0,2.65,140,-12.2,11.1,live_action,슬픔,0.15,0.675,0.6,0.85,22,12,7.2,ja,asr,12,anime,1,True,슬픔,인물 클로즈업,0.163,0.426,12,False,0,False,0,0.082,0.615,0.7,6.55,12,7.6,이별,희망,긍정,2인칭 대상,0.043,False,4,0.27,0.765,bottom,0.4989,,0,86,0.2051,0.008656,1.0004,1.0
vocaloid,h-m5Cs47sq0,すているうぷ / 南ノ南 feat.東北きりたん,南ノ南,UC53I70eBu29T9rO1GvXdc_w,124000,12926,712,43,0.1042,0.0551,20260212,3,214,1920,1080,30,1.778,False,True,False,True,2026-07-16T12:32:57,7,214.0,30.0,34,6.29,2.0,0.5,54.73,9.5,0.626,0.174,214.03,123.0,D# minor,0.798,0.2505,0.0761,2795.0,4.27,150,-11.6,2.7,anime,슬픔,0.059,0.647,0.88,0.412,49,0,13.7,ja,ocr,34,anime,1,True,슬픔,인물 클로즈업,0.45,0.354,24,False,0,False,0,0.064,0.727,0.32,1.07,0,12.9,이별,사랑,부정,1인칭 독백,0.467,True,7,0.729,0.701,bottom,0.3705,,0,98,0.0,,,
vocaloid,78F_I8MQLYM,【鏡音レン・Yuma】ナイトメアディナータイム【オリジナルMV】,ひとしずく×やま△ （Hitoshizuku_Yamasankakkei）,UCxKrjx1FDU81UXuwTgwYQHw,449000,47000,2876,73,0.1047,0.0612,20260116,4,184,1920,1080,30,1.778,False,True,False,False,2026-07-16T12:36:03,2,183.57,30.0,45,4.08,2.5,0.5,38.33,14.7,0.147,0.592,183.59,112.3,G minor,0.775,0.2656,0.1049,2652.0,3.65,40,-10.3,5.8,anime,긴장,0.378,0.533,1.04,0.822,71,4,23.2,ja,ocr,4,anime,2,True,긴장,인물 클로즈업,0.468,0.698,32,False,2,False,0,0.138,0.341,0.83,0.6,4,7.6,어둠/절망,,부정,1인칭 독백,0.815,True,3,0.497,0.218,bottom,0.4116,10,2,6,0.3182,,,
vocaloid,zN4Y7tFF8BY,"「リトルシスター」40mP feat.彩澄しゅお,彩澄りりせ",40meterP,UCG09qajPDZdPtLsTkW7mJQA,611000,74355,3005,74,0.1217,0.0404,20250801,4,179,1920,1080,24,1.778,False,False,True,False,2026-07-16T12:39:50,20,179.04,24.0,88,2.03,1.71,0.62,7.62,29.5,0.51,0.318,179.05,83.4,F minor,0.643,0.266,0.1112,2454.0,4.02,140,-11.6,5.1,anime,활기,0.534,0.318,1.2,0.886,26,20,8.7,ja,ocr,16,anime,2,True,활기,인물 클로즈업,0.461,0.275,30,False,0,False,0,0.174,0.299,1.03,2.54,20,2.8,희망,판타지,긍정,1인칭 독백,0.389,True,6,0.361,0.782,bottom,0.5984,,0,124,0.1839,0.012626,0.7291,1.0
vocaloid,yV5-Gk59p8o,螟｢迴ｾ,rusino / ルシノ,UCjuAuVO76nZ0mjYzdz3961Q,160000,20887,962,47,0.1305,0.0461,20250519,0,157,1920,1080,30,1.778,False,True,False,False,2026-07-16T12:45:33,4,157.27,30.0,19,8.28,7.37,0.7,16.37,7.2,0.119,0.166,157.27,136.0,G minor,0.491,0.2698,0.1058,2631.0,2.79,130,-11.2,4.2,motion_graphics,평온,0.842,0.053,0.32,0.632,14,1,5.3,ja,asr,1,anime,1,True,평온,인물 클로즈업,0.054,0.038,4,False,0,False,0,0.037,0.944,0.44,1.33,1,18.9,이별,어둠/절망,부정,1인칭 독백,0.342,True,2,0.57,0.827,bottom,0.5262,,0,,0.0556,,,
vocaloid,lhwV573qUlE,暴飲暴食P「江戸前ビューティーサロン寿司美」feat. 可不,暴飲暴食P,UCRF-oSGAxISmpBubZT3WPXQ,77200,10225,237,26,0.1324,0.0232,20250613,4,160,1920,1080,25,1.778,False,False,False,False,2026-07-16T12:47:39,2,160.24,25.0,52,3.08,1.72,0.68,15.56,19.5,0.772,0.397,160.27,152.0,E minor,0.783,0.2392,0.1322,2301.0,2.02,80,-11.6,4.2,anime,활기,0.673,0.212,0.83,0.788,16,16,6.0,ja,ocr,12,anime,6,True,활기,인물 클로즈업,0.911,0.279,30,False,0,False,0,0.084,0.588,0.79,1.24,16,7.8,희망,,긍정,1인칭 독백,0.263,True,6,0.776,0.499,bottom,0.7866,,0,,0.098,,,
vocaloid,0xEOpbQWb4c,【オリジナル曲】僕はリーダーになれない｜─届かない場所へ手を伸ばして─,Ryo Yoshioka,UCDC9jUlIdjOH1Z7jhqxUcPQ,3020,424,6,1,0.1404,0.0142,20250620,4,180,1920,1080,30,1.778,False,False,False,False,2026-07-16T12:51:13,3,179.95,29.97,1,179.95,179.95,179.95,179.95,0.3,0.398,0.335,179.95,161.5,D major,0.726,0.2288,0.0521,2289.0,2.77,160,-13.6,2.5,anime,슬픔,1.0,0.0,1.0,1.0,28,0,9.3,ja,ocr,0,anime,1,True,평온,인물 클로즈업,0.394,0.331,35,False,1,False,0,,,,,0,538.3,이별,희망,부정,1인칭 독백,0.756,True,0,0.74,0.889,bottom,0.496,,0,126,,,,
vocaloid,-hgaSBzS_Z0,見失ってしまった - 氷山キヨテルSV / But I Lost It - Hiyama Kiyoteru SV,知田そら / Chida Sora,UCyetbPb7Foo1cpDIn2JUKqw,6400,961,113,11,0.1502,0.1176,20260320,4,152,1920,1080,30,1.778,False,False,False,False,2026-07-16T12:52:30,8,152.37,30.0,12,12.7,10.85,2.67,21.33,4.7,0.554,0.238,152.39,89.1,A# minor,0.621,0.2003,0.0761,2369.0,3.03,110,-14.4,4.3,anime,슬픔,0.833,0.0,0.83,1.0,23,44,9.1,ja,ocr,0,anime,1,True,슬픔,인물 클로즈업,0.65,0.484,56,False,0,False,0,0.034,0.909,1.39,11.03,44,19.0,일상,,부정,1인칭 독백,0.947,True,1,1.04,0.722,bottom,0.442,,0,86,0.0909,,,
vocaloid,zLbH9iN7aSU,海底の神社 ~ The Undersea Shrine,sawn,UCU0ZgqOPd55eQZEs5tDwNSw,8050,1239,151,15,0.1539,0.1219,20250727,6,119,1920,1080,30,1.778,False,False,False,False,2026-07-16T12:54:20,18,118.82,29.97,1,118.82,118.82,118.82,118.82,0.5,0.5,0.655,118.85,129.2,E major,0.481,0.1717,0.0548,782.0,1.98,90,-15.8,4.8,3dcg,평온,0.0,1.0,1.0,0.0,1,0,0.5,ja,asr,0,3dcg,0,False,평온,풍경 와이드,0.525,0.656,27,False,0,False,0,,,,,0,258.4,,,,,0.017,False,0,0.91,0.757,bottom,,,,,,,,
vocaloid,hfY9-ROVfvg,カラフルファンデーション feat.初音ミク 【プロジェクトセカイ】,mikitoP  Official,UCBR4N5DkgDt3PLTcfJB1iiw,489000,77562,4857,150,0.1586,0.0626,20260318,2,173,3840,2160,24,1.778,False,False,True,False,2026-07-16T12:55:25,5,172.84,23.976,23,7.51,2.08,0.75,29.36,8.0,0.218,0.267,172.87,112.3,E minor,0.531,0.0872,0.0257,1930.0,3.6,140,-21.5,3.7,live_action,활기,0.435,0.217,2.09,0.652,36,6,12.5,ja,ocr,6,live_action,1,True,평온,인물 클로즈업,0.12,0.472,34,False,1,False,0,0.111,0.409,0.39,0.75,6,14.0,희망,판타지,긍정,1인칭 독백,0.86,True,1,0.99,0.81,bottom,0.4864,,0,60,0.1364,0.006619,0.995,1.0
vocaloid,X2CFrEDiDyY,Pain / めろくる feat. 初音ミク,Mellowcle,UCX5aTMDjqpR3nkt-XpuftLg,78200,12767,697,37,0.1633,0.0546,20250620,4,165,1920,1080,24,1.778,False,False,False,False,2026-07-16T12:57:53,3,164.54,24.0,15,10.97,6.21,0.83,35.54,5.5,0.45,0.116,164.57,136.0,F# minor,0.854,0.2827,0.1208,2223.0,3.83,20,-11.5,6.9,anime,슬픔,0.4,0.2,1.07,0.667,19,2,6.9,ja,ocr,1,anime,2,True,슬픔,인물 클로즈업,0.686,0.16,22,False,0,False,0,0.096,0.571,1.18,6.21,2,24.7,이별,희망,부정,1인칭 독백,0.402,True,2,0.447,0.122,bottom,0.6083,,0,78,0.0714,,,
vocaloid,JiE9drSO8nk,星屑ジェットコースター - かめりあ feat.初音ミク【MV】 [From 初音ミク 夜空プログラム2025],Camellia Official,UCV4ggxLd_Vz-I-ePGSKfFog,554000,90511,4469,244,0.1634,0.0494,20251102,6,253,1920,1080,30,1.778,False,False,True,False,2026-07-16T12:59:57,7,252.92,29.97,144,1.76,1.52,0.53,6.41,34.2,0.478,0.364,252.93,73.8,B major,0.716,0.3464,0.1035,3050.0,4.48,140,-8.4,2.4,anime,활기,0.472,0.382,0.9,0.882,61,2,14.5,ja,ocr,11,anime,1,True,활기,인물 클로즈업,0.647,0.524,56,False,2,True,0,0.232,0.168,1.24,1.0,2,2.2,희망,판타지,긍정,1인칭 독백,0.794,True,5,0.53,0.554,bottom,0.38,,0,80,0.2238,0.010555,0.895,1.0
kpop,r1QapH1SIAI,fromis_9 (프로미스나인) 'LIKE YOU BETTER' MV,fromis_9,UCXbRURMKT3H_w8dT-DWLIxA,305000,26882372,209021,11000,88.1389,0.0078,20250625,2,208,3840,2160,24,1.778,False,False,True,False,2026-07-16T20:11:05,2,207.62,23.976,131,1.59,1.29,0.63,5.71,37.9,0.494,0.273,207.63,129.2,F# major,0.876,0.2829,0.1337,2733.0,2.52,130,-9.8,11.8,live_action,활기,0.389,0.328,2.33,0.053,33,25,9.5,ko,asr,25,live_action,1,True,평온,인물 클로즈업,0.479,0.369,38,False,0,True,0,0.11,0.454,1.2,1.38,25,3.4,희망,사랑,긍정,1인칭 독백,0.106,True,9,0.21,0.626,top,0.6113,,0,100,0.1769,0.005881,0.865,1.0
kpop,Qe8fa4b5xNU,화사 (HWASA) - 'Good Goodbye' MV,HWASA,UCiM8arBZ-GyuBFG3wy6fEgw,1950000,166788836,1188383,30000,85.5327,0.0071,20251015,2,225,3840,2160,24,1.778,False,False,True,False,2026-07-16T20:21:55,2,225.29,24.0,101,2.23,1.75,0.62,8.21,26.9,0.357,0.345,225.31,99.4,B major,0.77,0.1214,0.0582,2387.0,2.61,170,-17.9,6.7,live_action,평온,0.426,0.287,1.4,0.0,33,4,8.8,ko,asr,4,live_action,2,True,평온,인물 클로즈업,0.557,0.281,30,False,0,True,0,0.139,0.29,1.46,1.08,4,3.7,이별,희망,긍정,1인칭 독백,0.0,False,6,0.53,0.755,top,0.5774,,0,114,0.15,0.005243,0.6378,1.0
kpop,5ZB9JLfIw_Q,fromis_9 (프로미스나인) '하얀 그리움' MV,fromis_9,UCXbRURMKT3H_w8dT-DWLIxA,305000,13436332,111798,8800,44.0535,0.0083,20251202,1,254,3840,1636,24,2.347,False,False,True,False,2026-07-16T20:31:31,1,253.59,23.976,129,1.97,1.59,0.67,8.38,30.5,0.473,0.325,253.61,129.2,D# major,0.609,0.2869,0.1306,2762.0,2.61,90,-9.9,8.6,live_action,활기,0.589,0.217,2.44,0.147,27,8,6.4,ko,asr,8,anime,2,True,활기,인물 클로즈업,0.535,0.239,29,False,0,True,0,0.12,0.438,1.29,6.13,8,4.2,사랑,이별,부정,3인칭 관찰,0.016,False,3,0.149,0.355,top,0.5049,103,4,158,0.0781,0.017382,0.685,1.0
kpop,HnYtDIW7elY,ZEROBASEONE (제로베이스원) 'ICONIK' MV,ZEROBASEONE,UCSAp0Yl9S0Zq5uDqE6im_XQ,2120000,56672180,268774,30000,26.7322,0.0047,20250901,0,193,3840,2160,24,1.778,False,False,True,False,2026-07-16T20:40:50,2,193.15,23.976,88,2.19,1.06,0.63,25.69,27.3,0.305,0.444,193.17,117.5,D minor,0.882,0.2602,0.0994,3256.0,3.13,40,-11.1,5.1,live_action,긴장,0.375,0.364,2.11,0.193,86,1,26.7,ko,asr,9,anime|live_action|3dcg|motion_graphics|mixed,2,True,활기,인물 클로즈업,0.351,0.425,32,False,0,True,0,0.133,0.333,1.11,4.13,1,4.3,희망,,긍정,1인칭 독백,0.062,False,9,0.537,0.207,top,0.5268,,0,114,0.4138,-0.006678,0.3468,1.0
kpop,wLKpQpC3-Sw,izna 'BEEP' MV,izna (이즈나),UCfbYNlxgLuKJXQZEhkMmaCQ,2030000,51969414,191081,11000,25.6007,0.0037,20250609,0,199,3840,2160,24,1.778,False,False,True,True,2026-07-16T20:49:22,1,198.45,23.976,96,2.07,1.4,0.67,23.86,29.0,0.305,0.358,198.47,143.6,D minor,0.694,0.265,0.1512,2655.0,4.03,160,-11.0,9.9,live_action,활기,0.292,0.375,2.91,0.208,54,17,16.3,ko,asr,17,anime,6,True,활기,인물 클로즈업,0.261,0.547,14,False,0,True,0,0.089,0.516,1.46,3.96,17,5.0,이별,희망,긍정,2인칭 대상,0.172,True,8,0.268,0.806,top,0.4643,,0,68,0.3368,-0.005585,0.795,0.898
kpop,NBZgirj_C2Y,XLOV 엑스러브 '1&Only' MV,XLOV,UCHWhn9xw7x8NPPnV6eWQDQA,1170000,29048425,561436,24000,24.8277,0.0193,20250613,4,183,3840,2160,24,1.778,False,False,True,False,2026-07-16T20:58:32,2,183.39,23.976,108,1.7,1.27,0.67,8.05,35.3,0.391,0.335,183.41,112.3,D# major,0.745,0.2988,0.1237,2412.0,4.03,40,-11.3,1.6,live_action,긴장,0.407,0.361,2.53,0.056,57,8,18.6,ko,asr,57,anime|live_action|3dcg|motion_graphics|mixed,2,True,평온,인물 클로즈업,0.396,0.53,21,False,0,True,0,0.136,0.346,1.2,5.05,8,3.2,,,,,0.043,False,7,0.119,0.218,top,0.3302,,0,61,0.2897,0.009917,0.1659,1.0
kpop,2fyFx2u5fbU,izna 'Mamma Mia' MV,izna (이즈나),UCfbYNlxgLuKJXQZEhkMmaCQ,2030000,39321617,169680,11000,19.3703,0.0043,20250930,1,228,3132,2160,24,1.45,False,False,True,True,2026-07-16T21:08:24,2,227.94,23.976,76,3.0,1.96,0.67,14.89,20.0,0.384,0.481,227.95,107.7,B minor,0.474,0.2441,0.136,2130.0,3.13,190,-12.0,12.8,live_action,활기,0.211,0.474,4.57,0.25,4,7,1.1,ko,asr,74,live_action,6,True,활기,인물 클로즈업,0.336,0.658,19,False,0,True,0,0.162,0.307,1.52,2.5,7,5.4,,,,,0.202,True,4,0.471,0.834,top,,,,,,-0.003644,0.835,1.0
kpop,wlHwjkYpSr0,BABYMONSTER - ‘WE GO UP’ M/V,BABYMONSTER,UCqwUnggBBct-AY2lAdI88jQ,12600000,217843946,1410600,100000,17.2892,0.0065,20251010,4,203,3840,2160,24,1.778,False,False,True,True,2026-07-16T21:16:21,21,202.91,23.976,100,2.03,1.33,0.67,11.8,29.6,0.163,0.231,202.93,83.4,E minor,0.885,0.2552,0.1388,2724.0,3.32,60,-11.5,5.6,live_action,긴장,0.38,0.46,1.69,0.2,53,5,15.7,ko,asr,107,anime,7,True,긴장,인물 클로즈업,0.242,0.301,28,False,0,False,0,0.174,0.283,1.23,3.0,5,2.8,,,,,0.05,False,5,0.282,0.296,top,0.3757,52,10,67,0.303,0.008817,0.135,1.0
kpop,yd_uG3TtREs,BABYMONSTER - ‘PSYCHO’ M/V,BABYMONSTER,UCqwUnggBBct-AY2lAdI88jQ,12600000,203622104,1523936,67000,16.1605,0.0075,20251118,1,203,3840,2160,24,1.778,False,False,True,False,2026-07-16T21:25:37,7,203.41,23.976,65,3.13,1.63,0.67,15.26,19.2,0.215,0.369,203.43,129.2,F minor,0.88,0.2351,0.1252,2603.0,3.02,80,-12.3,6.1,live_action,긴장,0.354,0.477,3.85,0.538,73,1,21.5,ko,asr,7,live_action,5,True,활기,인물 클로즈업,0.238,0.401,26,False,0,False,0,0.162,0.203,1.27,1.54,1,6.7,이별,판타지,부정,1인칭 독백,0.196,True,6,0.715,0.393,top,0.5463,66,6,22,0.2344,-0.011078,0.2965,0.7153
kpop,7G6_avXknCk,P1Harmony (피원하모니) - ‘DUH!’ MV,P1Harmony,UCe-XzQhLaq4zS_mPXzuc_2Q,1740000,22307850,231411,14000,12.8206,0.0104,20250508,3,197,3840,2160,24,1.778,False,False,True,False,2026-07-18T01:00:04,2,196.74,23.976,85,2.31,1.17,0.63,19.89,25.9,0.249,0.359,196.75,103.4,D minor,0.686,0.3436,0.1294,2420.0,2.78,160,-9.9,3.2,live_action,긴장,0.318,0.353,3.26,0.259,77,12,23.5,ko,asr,12,anime,7,True,활기,인물 클로즈업,0.354,0.421,29,False,0,True,1,0.12,0.417,0.7,0.71,12,4.0,희망,,긍정,1인칭 독백,0.255,True,7,0.765,0.813,top,0.5153,175,2,66,0.381,-0.004964,0.355,0.849
kpop,H4H99b1CjPU,ATEEZ(에이티즈) - 'Lemon Drop' Official MV,KQ ENTERTAINMENT,UCQdq-lqPEq_yZ_wP_kuVB9Q,3350000,42044156,571212,50000,12.5505,0.0136,20250613,4,223,3840,2160,24,1.778,False,False,True,False,2026-07-18T01:06:26,21,222.93,23.976,144,1.55,1.23,0.63,10.01,38.8,0.342,0.354,222.95,103.4,E minor,0.648,0.2703,0.1628,2341.0,3.52,160,-11.7,10.1,live_action,평온,0.653,0.188,1.76,0.104,85,19,22.9,ko,asr,30,live_action,1,True,슬픔,인물 클로즈업,0.384,0.359,38,False,0,True,0,0.141,0.336,1.09,10.01,19,2.7,사랑,이별,부정,1인칭 독백,0.054,False,2,0.312,0.718,top,0.461,,0,33,0.4336,0.015957,0.745,1.0
kpop,JOF2ZTqvzwY,ATEEZ(에이티즈) - 'In Your Fantasy' Official MV,KQ ENTERTAINMENT,UCQdq-lqPEq_yZ_wP_kuVB9Q,3350000,41525347,621954,43000,12.3956,0.015,20250711,4,221,3840,2160,24,1.778,False,False,True,False,2026-07-18T01:18:05,21,221.05,23.976,101,2.19,1.54,0.71,10.01,27.4,0.22,0.444,221.07,117.5,G minor,0.399,0.2701,0.1939,2762.0,3.43,170,-11.1,3.1,live_action,긴장,0.564,0.238,2.07,0.089,68,47,18.5,ko,asr,,live_action,1,True,긴장,인물 클로즈업,0.422,0.689,43,False,0,True,0,0.081,0.58,1.11,10.01,47,4.3,,,,,0.072,False,2,0.315,0.769,top,0.3304,55,2,68,0.31,0.015601,0.8689,1.0
kpop,m18dRRu9-V4,P1Harmony (피원하모니) - ‘UNIQUE’ MV,P1Harmony,UCe-XzQhLaq4zS_mPXzuc_2Q,1740000,19336115,212448,10000,11.1127,0.011,20260312,3,178,3840,1920,24,2.0,False,False,True,False,2026-07-18T01:28:14,2,177.47,23.976,105,1.69,1.17,0.67,10.34,35.5,0.281,0.398,177.47,129.2,C# major,0.341,0.3381,0.1204,2544.0,3.58,100,-10.3,3.4,live_action,긴장,0.429,0.362,2.13,0.105,76,0,25.7,ko,asr,38,anime,2,True,신비,인물 클로즈업,0.619,0.208,31,False,0,True,0,0.125,0.375,1.11,2.79,0,3.6,희망,,긍정,1인칭 독백,0.056,False,2,0.904,0.563,top,0.5519,17,1,11,0.3846,-0.00726,0.485,1.0
kpop,NCuFonpf-qk,XLOV 엑스러브 'Rizz' MV,XLOV,UCHWhn9xw7x8NPPnV6eWQDQA,1170000,11598994,384848,16000,9.9137,0.0332,20251105,2,163,3840,2160,24,1.778,False,False,True,False,2026-07-18T01:38:32,1,163.0,23.976,92,1.77,1.25,0.67,6.26,33.9,0.166,0.234,163.01,136.0,C minor,0.652,0.2614,0.1436,3178.0,3.14,80,-11.9,12.0,live_action,긴장,0.304,0.576,6.02,0.217,44,22,16.2,ko,asr,45,anime,1,True,슬픔,인물 클로즈업,0.29,0.364,19,False,0,True,0,0.126,0.308,1.34,5.8,22,4.0,,,,,0.049,False,4,0.294,0.491,top,0.4218,,0,59,0.3516,0.025091,0.145,1.0
kpop,W8ml4ryPwic,STAYC(스테이씨) ‘I WANT IT’ MV,STAYC,UCod5V2dpnpJLklGvVOv5FcQ,1860000,14711892,131441,21000,7.9096,0.0089,20250721,0,196,3840,2160,24,1.778,False,False,True,False,2026-07-18T01:48:55,2,195.74,23.976,95,2.06,1.34,0.67,13.31,29.1,0.518,0.285,195.75,129.2,F# minor,0.485,0.1438,0.0785,2940.0,2.67,160,-16.5,4.0,live_action,활기,0.232,0.442,3.12,0.326,53,15,16.2,ko,asr,23,live_action,1,True,평온,인물 클로즈업,0.563,0.248,26,False,0,True,0,0.119,0.383,1.15,0.96,15,4.4,이별,자기긍정,부정,1인칭 독백,0.102,True,4,0.109,0.817,top,0.4413,51,14,59,0.2872,0.002527,0.305,1.0
kpop,8cEdndsuzSE,XG - GALA (Official Music Video),XG,UC12HMtO5MYph9dCZZ7yygng,4860000,28119190,429689,19000,5.7858,0.0153,20250919,4,233,3840,2160,24,1.778,False,False,True,True,2026-07-18T02:00:51,2,232.69,23.976,110,2.12,1.25,0.63,13.47,28.4,0.542,0.416,232.71,129.2,E minor,0.515,0.2216,0.0979,2793.0,3.89,170,-13.0,4.9,anime,활기,0.491,0.427,2.58,0.173,98,4,25.3,ko,asr,,anime,8,True,활기,인물 클로즈업,0.249,0.087,32,False,0,True,0,0.119,0.44,0.96,2.63,4,4.5,,,,,0.026,False,6,0.167,0.731,top,0.4795,139,7,195,0.4037,-0.002801,0.675,1.0
kpop,cUfDOS2SINM,XG - HYPNOTIZE (Official Music Video),XG,UC12HMtO5MYph9dCZZ7yygng,4860000,25452793,447368,13000,5.2372,0.0176,20260123,4,190,3840,2160,24,1.778,False,False,True,True,2026-07-18T02:12:17,2,189.69,23.976,110,1.72,1.31,0.63,5.88,34.8,0.347,0.45,189.71,129.2,F major,0.794,0.1433,0.08,2667.0,3.29,150,-15.4,7.7,live_action,활기,0.473,0.427,2.76,0.091,53,6,16.8,ko,asr,,anime|live_action|3dcg|motion_graphics|mixed,2,True,신비,인물 클로즈업,0.389,0.841,37,False,0,True,0,0.122,0.339,0.96,2.92,6,3.7,,,,,0.011,False,7,0.245,0.791,top,0.3565,18,6,55,0.3028,0.012488,0.185,1.0
kpop,eHHQaoEW30Q,"TWICE ""THIS IS FOR"" M/V",JYP Entertainment,UCaO6TYtlC8U5ttz62hTrZgg,32100000,135476195,1952212,233000,4.2204,0.0144,20250711,4,134,3600,2160,24,1.667,False,False,True,True,2026-07-18T02:23:09,20,133.75,24.0,67,2.0,1.54,0.62,9.08,30.1,0.41,0.191,133.77,129.2,F# minor,0.581,0.2446,0.118,3167.0,3.91,30,-12.1,3.4,live_action,활기,0.328,0.403,4.24,0.119,40,32,17.9,ko,asr,123,live_action,8,True,활기,인물 클로즈업,0.397,0.366,23,False,0,False,0,0.12,0.424,0.81,1.58,32,4.3,,,,,0.075,False,5,0.443,0.224,top,0.3954,,0,79,0.303,-0.014481,0.305,0.5376
kpop,CgCVZdcKcqY,BLACKPINK - ‘뛰어(JUMP)’ M/V,BLACKPINK,UCOmHUn--16B90oW2L6FRR3A,101000000,409959679,6760848,480000,4.059,0.0165,20250711,4,193,3840,2160,24,1.778,False,False,True,True,2026-07-18T02:29:58,21,193.15,23.976,84,2.3,1.48,0.71,11.72,26.1,0.186,0.223,193.17,143.6,G minor,0.614,0.266,0.1478,2246.0,3.66,120,-12.1,9.8,live_action,활기,0.238,0.607,5.99,0.333,35,18,10.9,ko,asr,18,anime|live_action|3dcg|motion_graphics|mixed,4,True,활기,인물 클로즈업,0.221,0.203,26,False,0,False,0,0.127,0.422,1.05,2.84,18,5.5,,,,,0.072,False,7,0.478,0.621,top,0.4594,109,4,124,0.1928,-0.001312,0.2262,0.9324
kpop,P7vBoGWoReg,"Stray Kids ""CEREMONY"" M/V",JYP Entertainment,UCaO6TYtlC8U5ttz62hTrZgg,32100000,122650482,1958346,205000,3.8209,0.016,20250822,4,171,3840,2160,24,1.778,False,False,True,False,2026-07-18T02:39:14,20,171.25,23.976,61,2.81,1.33,0.67,15.14,21.4,0.252,0.53,171.27,123.0,F minor,0.515,0.3667,0.1834,2560.0,3.19,90,-9.1,3.6,live_action,긴장,0.361,0.492,2.62,0.23,53,7,18.6,ko,asr,23,live_action,6,True,활기,인물 클로즈업,0.26,0.542,25,False,0,False,0,0.122,0.483,1.28,1.79,7,5.7,희망,,긍정,1인칭 독백,0.081,False,9,0.758,0.525,top,0.5729,,0,47,0.3167,-0.002678,0.4375,0.8596
kpop,nYueShCPYUY,ZEROBASEONE (제로베이스원) ‘LOVEPOCALYPSE’ MV,ZEROBASEONE,UCSAp0Yl9S0Zq5uDqE6im_XQ,2120000,6895623,53816,7200,3.2527,0.0078,20260202,0,192,3840,2160,24,1.778,False,False,True,False,2026-07-18T02:46:35,1,191.61,23.976,92,2.08,1.4,0.67,11.43,28.8,0.322,0.443,191.61,89.1,G major,0.737,0.3004,0.11,2509.0,3.05,90,-10.4,4.6,live_action,활기,0.304,0.435,24.53,0.109,51,0,16.0,ko,asr,11,live_action,10,True,활기,인물 클로즈업,0.286,0.363,39,False,0,True,0,0.226,0.209,0.95,1.0,0,3.1,사랑,희망,긍정,1인칭 독백,0.125,True,8,0.586,0.47,top,0.4773,,0,32,0.2967,0.003771,0.995,1.0
kpop,Ao2GsXHMD_4,JENNIE - Seoul City (Official Video),JENNIE,UCN9_L9lA9kqJbGANLRus_1A,17800000,51019474,1149702,40000,2.8663,0.0225,20250426,5,165,1920,1080,24,1.778,False,False,True,False,2026-07-21T00:46:18,21,165.21,23.976,67,2.47,1.92,0.42,20.23,24.3,0.42,0.31,165.21,152.0,D minor,0.908,0.2995,0.1167,1881.0,2.86,90,-12.4,4.4,live_action,평온,0.597,0.269,1.06,0.045,1,64,0.4,ko,asr,64,anime,1,True,신비,인물 클로즈업,0.424,0.239,36,False,0,False,0,0.087,0.576,1.38,1.88,64,6.3,,,,,0.0,False,9,0.69,0.545,top,,,,,,-0.005862,0.4879,0.9649
kpop,M2WTUoy4y6E,aespa 에스파 'Dirty Work' MV,SMTOWN,UCEf_Bc-KVd7onSeifS3py9g,33700000,93530804,1358667,80000,2.7754,0.0145,20250627,4,189,3840,2160,24,1.778,False,False,True,True,2026-07-21T01:36:19,20,189.19,23.976,102,1.85,1.46,0.63,10.18,32.3,0.28,0.23,189.21,99.4,G minor,0.616,0.3015,0.1238,2322.0,2.98,80,-11.0,5.3,live_action,긴장,0.441,0.392,4.19,0.069,56,10,17.8,ko,asr,12,live_action,4,True,활기,인물 클로즈업,0.411,0.131,25,False,0,True,0,0.173,0.267,1.4,10.18,10,3.1,이별,희망,긍정,1인칭 독백,0.021,False,2,0.434,0.423,top,0.4698,,0,42,0.3663,0.006038,0.8193,0.9053
kpop,R2-yomhYAj4,"KATSEYE (캣츠아이) ""Gnarly"" Official MV",HYBE LABELS,UC3IZKseVpdzPSBaWxBxundA,81900000,209707753,1963820,110000,2.5605,0.0094,20250430,2,142,3840,2160,24,1.778,False,False,True,True,2026-07-16T21:39:34,20,141.81,23.976,39,3.64,1.59,0.71,37.0,16.5,0.41,0.392,141.83,136.0,D# major,0.291,0.2341,0.1204,2829.0,2.33,60,-13.0,4.8,live_action,활기,0.436,0.308,2.59,0.077,54,0,22.8,ko,asr,5,live_action,1,True,긴장,인물 클로즈업,0.178,0.288,35,False,0,True,0,0.106,0.5,0.75,3.34,0,8.2,판타지,,부정,1인칭 독백,0.028,False,3,0.608,0.423,top,0.5423,,0,23,0.5,-0.010006,0.075,0.8033
kpop,n7kFRxFIPrI,Hearts2Hearts 하츠투하츠 'STYLE' MV,SMTOWN,UCEf_Bc-KVd7onSeifS3py9g,33700000,69274902,815459,69000,2.0556,0.0118,20250618,2,224,3840,2160,24,1.778,False,False,True,False,2026-07-16T21:44:57,2,223.93,23.976,143,1.57,1.29,0.63,9.13,38.3,0.588,0.201,223.93,129.2,F major,0.752,0.2533,0.1195,2683.0,3.62,190,-11.2,6.5,live_action,활기,0.315,0.385,3.9,0.035,60,7,16.1,ko,asr,7,anime|mixed,8,True,활기,인물 클로즈업,0.588,0.186,30,False,0,True,0,0.112,0.451,1.03,2.08,7,3.4,사랑,이별,긍정,2인칭 대상,0.071,False,11,0.385,0.848,top,0.4277,,0,75,0.2606,-0.004342,0.235,0.9967
kpop,2oudQLZ0kY8,"[MV] Saza Choi(SAZA최우준) _ Now, I Want Some Peace(쉬련다)",1theK (원더케이),UCweOkPb1wVVH0Q0Tlj4a5Pw,25100000,206,9,,0.0,0.0437,20250430,2,204,720,480,30,1.5,False,False,False,False,2026-07-16T21:57:35,8,203.9,30.0,110,1.85,1.27,0.53,11.3,32.4,0.29,0.349,203.93,95.7,G minor,0.484,0.1915,0.0954,1693.0,2.84,180,-13.6,3.8,live_action,활기,0.727,0.018,1.04,0.036,9,4,2.6,ko,ocr,22,live_action,1,True,평온,인물 클로즈업,0.325,0.227,53,False,1,True,0,0.182,0.202,1.12,1.1,4,3.0,이별,,부정,1인칭 독백,0.127,True,6,0.855,0.883,bottom,0.4571,,0,6,0.0092,,,
kpop,4jF2R41UvTI,[MV] Mew(미유) _ Lalala(라라라) (2022) 현대 Ver.,1theK (원더케이),UCweOkPb1wVVH0Q0Tlj4a5Pw,25100000,663,19,1,0.0,0.0287,20250430,2,252,3840,2160,24,1.778,False,False,False,False,2026-07-16T22:03:01,8,252.42,24.0,46,5.49,4.42,0.96,20.17,10.9,0.385,0.087,252.45,161.5,G# major,0.799,0.1727,0.1208,2028.0,2.62,100,-12.4,23.4,live_action,평온,0.457,0.217,1.87,0.043,30,0,7.1,ko,ocr,13,live_action,2,True,평온,인물 클로즈업,0.453,0.185,41,False,1,True,0,0.105,0.444,1.12,11.17,0,14.8,일상,,중립,1인칭 독백,0.119,True,2,0.14,0.396,bottom,0.1991,,0,238,0.0,,,
kpop,Uv7LRq_R6xY,"YAOCHEN(야오천) - ""右肩的约定""(Our Promise) M/V",JYP Entertainment,UCaO6TYtlC8U5ttz62hTrZgg,32100000,33229,3220,193,0.001,0.0969,20251124,0,207,3840,2160,30,1.778,False,False,False,False,2026-07-16T22:08:31,20,206.87,29.97,83,2.49,2.1,0.57,12.38,24.1,0.419,0.246,206.89,99.4,B major,0.765,0.2308,0.105,2307.0,2.81,180,-12.6,8.8,live_action,평온,0.313,0.446,0.89,0.916,68,13,19.7,ko,asr,,live_action,1,True,슬픔,인물 클로즈업,0.261,0.247,39,False,0,False,0,0.175,0.268,1.01,1.0,13,4.1,,,,,0.854,True,2,0.212,0.87,bottom,0.3805,,0,62,0.3171,,,
kpop,mWlOZ78kxJc,"YAOCHEN(야오천) ""你看风景我看你"" (EYES ON YOU) M/V",JYP Entertainment,UCaO6TYtlC8U5ttz62hTrZgg,32100000,46341,3354,182,0.0014,0.0724,20250428,0,194,1920,1080,25,1.778,False,False,False,False,2026-07-16T22:17:21,21,193.48,25.0,132,1.47,1.32,0.6,4.4,40.9,0.428,0.22,193.49,143.6,C# major,0.866,0.2574,0.0887,2786.0,3.61,150,-11.9,5.2,live_action,평온,0.333,0.364,1.37,0.917,54,39,16.7,ko,asr,,live_action,1,True,평온,인물 클로즈업,0.762,0.172,40,False,0,False,0,0.108,0.481,0.74,4.24,39,3.5,,,,,0.907,True,9,0.37,0.775,bottom,0.3192,,0,94,0.2519,,,
kpop,f6u2FjgLesQ,[Pase A La Fama] Official Theme Song 'Qué Puedo Perder' Official MV by Yahritza Y Su Esencia,HYBE LABELS,UC3IZKseVpdzPSBaWxBxundA,81900000,198374,4241,11000,0.0024,0.0214,20250516,4,173,3840,2160,24,1.778,False,False,True,False,2026-07-16T22:28:55,9,172.84,23.976,2,86.42,86.42,2.67,170.17,0.7,0.14,0.173,172.85,136.0,A minor,0.689,0.2656,0.0923,2330.0,4.95,30,-12.0,4.4,live_action,활기,0.0,0.5,0.5,0.5,22,13,7.6,ko,asr,13,live_action,7,False,활기,인물 클로즈업,0.353,0.326,92,False,1,True,0,1.045,0.0,0.0,2.67,13,194.3,,,,,0.023,False,1,0.571,0.174,bottom,0.7025,,0,135,0.0,-0.013098,0.675,1.0
kpop,Pl88TpRRWkI,BoA ボア 'Good for U' MV,SMTOWN,UCEf_Bc-KVd7onSeifS3py9g,33700000,275474,12761,831,0.0082,0.0463,20250810,6,210,2560,1440,24,1.778,False,False,True,False,2026-07-16T22:31:59,8,209.79,23.976,101,2.08,1.46,0.63,12.14,28.9,0.362,0.426,209.81,107.7,F# minor,0.612,0.2481,0.1552,2259.0,3.39,20,-13.4,5.7,live_action,활기,0.238,0.455,2.51,0.04,31,14,8.9,ko,asr,14,live_action,1,True,활기,인물 클로즈업,0.369,0.507,22,False,0,True,0,0.176,0.27,0.52,4.96,14,3.7,희망,,긍정,1인칭 독백,0.0,False,4,0.661,0.095,bottom,0.3542,,0,55,0.18,-0.019325,0.565,1.0
kpop,vlmXpQOE75c,TXT (투모로우바이투게더) 'SSS (Sending Secret Signals) (feat. HYDE)' Official MV,HYBE LABELS,UC3IZKseVpdzPSBaWxBxundA,81900000,670201,59795,3600,0.0082,0.0892,20260208,6,201,1920,1080,24,1.778,False,False,True,False,2026-07-16T22:42:36,7,200.99,23.976,78,2.58,1.92,0.71,9.26,23.3,0.341,0.552,201.01,143.6,A minor,0.676,0.2943,0.1329,2552.0,2.38,50,-10.5,7.4,anime,긴장,0.821,0.103,1.05,0.218,51,7,15.2,ko,asr,24,anime,5,True,활기,인물 클로즈업,0.368,0.395,71,False,0,True,0,0.098,0.532,1.57,3.5,7,6.2,,,,,0.11,True,7,0.35,0.249,bottom,0.578,,0,108,0.2597,-0.01481,0.585,1.0
kpop,k6a1YUHtJDs,CHANYEOL 찬열 'Ocean Drive' MV,SMTOWN,UCEf_Bc-KVd7onSeifS3py9g,33700000,365242,32175,2800,0.0108,0.0881,20250831,6,170,3000,2160,24,1.389,False,False,True,False,2026-07-16T22:50:48,6,170.33,24.0,65,2.62,1.62,0.62,18.54,22.9,0.534,0.283,170.35,112.3,G# major,0.891,0.2597,0.0853,2614.0,4.04,120,-11.7,3.3,live_action,활기,0.385,0.077,1.02,0.169,71,0,25.0,ko,asr,3,live_action,1,True,활기,인물 클로즈업,0.446,0.233,28,False,0,True,0,0.139,0.375,0.8,1.92,0,4.9,희망,판타지,긍정,1인칭 독백,0.141,True,3,0.724,0.704,bottom,0.4073,,0,34,0.5312,-0.017331,0.2967,0.8182
kpop,FpC0CCONgK8,BM - 'Ooh' MV,KARD,UC5OwlwvsVmf_lXHguB6OYFw,3730000,211800,15984,992,0.0568,0.0755,20251204,3,176,3840,2160,24,1.778,False,False,True,False,2026-07-21T00:52:45,1,175.63,23.976,88,2.0,1.52,0.67,8.42,30.1,0.233,0.448,175.65,184.6,A# minor,0.623,0.2292,0.1404,3059.0,4.41,20,-12.6,11.3,live_action,긴장,0.466,0.114,1.24,0.193,58,1,19.8,ko,asr,,live_action,1,True,긴장,인물 클로즈업,0.162,0.18,13,False,0,True,0,0.08,0.655,0.81,2.63,1,6.1,,,,,0.068,False,4,0.254,0.114,bottom,0.3245,7,6,81,0.3103,0.015177,0.365,1.0
kpop,LiZAgfmoQwc,izna 'BEEP (Japan Edition)' MV,izna (이즈나),UCfbYNlxgLuKJXQZEhkMmaCQ,2030000,224336,17065,623,0.1105,0.0761,20250623,0,199,3840,2160,24,1.778,False,False,True,True,2026-07-21T01:02:44,1,198.45,23.976,101,1.96,1.29,0.63,23.86,30.5,0.31,0.353,198.47,143.6,D minor,0.692,0.244,0.1397,2646.0,4.03,160,-11.7,9.9,live_action,활기,0.307,0.386,2.91,0.188,51,17,15.4,ko,asr,17,live_action,6,True,활기,인물 클로즈업,0.482,0.341,30,False,0,True,0,0.095,0.6,1.39,3.96,17,4.7,이별,희망,부정,1인칭 독백,0.172,True,8,0.26,0.806,bottom,0.5903,,0,69,0.31,0.004692,0.495,1.0
kpop,Iy8-qPT8rQE,xikers(싸이커스) - 'Up All Night' Official MV,KQ ENTERTAINMENT,UCQdq-lqPEq_yZ_wP_kuVB9Q,3350000,426599,29237,1800,0.1273,0.0685,20250716,2,233,3840,2160,24,1.778,False,False,True,False,2026-07-16T22:57:47,2,232.82,23.976,124,1.88,1.42,0.67,10.05,32.0,0.511,0.41,232.83,117.5,F minor,0.544,0.2967,0.1312,2457.0,3.59,210,-10.8,3.9,live_action,활기,0.056,0.605,5.04,0.323,158,19,40.7,ko,asr,21,live_action,3,True,활기,인물 클로즈업,0.74,0.175,41,False,0,True,0,0.15,0.407,0.95,10.05,19,3.7,사랑,희망,긍정,1인칭 독백,0.043,False,1,0.284,0.902,bottom,0.5709,,0,218,0.7317,0.009793,0.275,1.0
kpop,4quKTg17A94,모모랜드 (MOMOLAND) - 𝒘𝒉𝒊𝒕𝒆 𝒔𝒑𝒓𝒊𝒏𝒈 (하얀 봄) [Music Video],MOMOLAND (모모랜드),UCfWtQwSgfy3tm0zUt-PWG-g,1000000,134174,7262,1600,0.1342,0.0541,20260123,4,210,3840,2160,30,1.778,False,False,True,False,2026-07-16T23:10:29,1,210.03,30.0,91,2.31,1.77,0.5,9.13,26.0,0.639,0.29,210.05,107.7,G major,0.946,0.2687,0.1165,2137.0,2.72,180,-10.7,6.7,live_action,활기,0.462,0.088,2.87,0.78,95,18,27.1,ko,ocr,8,mixed,0,True,활기,구도 한 구절,0.562,0.277,51,False,1,True,0,0.143,0.311,0.82,1.27,18,4.1,사랑,희망,긍정,1인칭 독백,0.667,True,4,0.354,0.857,bottom,0.1863,,0,20,0.2889,0.013085,0.9997,1.0
kpop,LPL1fozVrIw,전지우 - 'Home Sweet Home' MV,KARD,UC5OwlwvsVmf_lXHguB6OYFw,3730000,568880,29734,1500,0.1525,0.0523,20260211,2,193,2880,2160,24,1.333,False,False,True,True,2026-07-16T23:19:29,0,192.73,23.976,107,1.8,1.54,0.67,4.17,33.3,0.409,0.378,192.75,143.6,C minor,0.58,0.3577,0.1487,2514.0,2.33,60,-9.9,3.1,live_action,신비,0.542,0.308,1.3,0.0,37,5,11.5,ko,asr,,anime,1,True,긴장,인물 클로즈업,0.137,0.222,26,False,0,True,0,0.095,0.528,0.91,1.29,5,4.3,,,,,0.021,False,7,0.624,0.311,bottom,0.3648,45,3,101,0.217,-0.013434,0.175,0.4569
kpop,Mds7WAYiAck,ENHYPEN (엔하이픈) 'Stealer' MV (Special edit),ENHYPEN,UCArLZtok93cO5R9RI4_Y5Jw,14000000,2362698,175052,5200,0.1688,0.0741,20260214,5,179,3240,2160,24,1.5,False,False,True,False,2026-07-21T01:15:18,7,178.67,24.0,55,3.25,2.71,0.67,13.08,18.5,0.367,0.256,178.69,107.7,D major,0.546,0.2806,0.1567,2627.0,4.71,120,-11.0,6.7,live_action,긴장,0.382,0.291,2.33,0.964,28,10,9.4,ko,asr,10,live_action,6,False,활기,인물 중간 샷,0.412,0.301,42,False,0,True,0,0.151,0.426,1.65,0.79,10,5.8,이별,판타지,부정,1인칭 독백,0.989,True,5,0.236,0.672,bottom,0.5191,19,8,68,0.1667,-0.012226,0.545,1.0
kpop,bI3IJ31zIJo,"DAYOUNG (다영) ""number one rockstar"" Official MV",STARSHIP,UCYDmx2Sfpnaxg488yBpZIGg,6710000,1269952,43105,1700,0.1893,0.0339,20250922,0,219,3840,2160,24,1.778,False,False,True,False,2026-07-16T23:27:46,7,218.63,23.976,134,1.63,1.33,0.63,7.51,36.8,0.449,0.254,218.65,143.6,B major,0.758,0.2385,0.1025,2610.0,3.29,190,-11.6,9.1,live_action,활기,0.47,0.306,1.31,0.134,39,7,10.7,ko,asr,142,live_action,1,True,활기,인물 클로즈업,0.736,0.238,46,False,0,True,0,0.121,0.398,0.49,2.63,7,3.9,,,,,0.138,True,10,0.346,0.869,bottom,0.4173,,0,102,0.1955,0.006728,0.665,1.0
kpop,JUeZL0TyT3I,ZEROBASEONE (제로베이스원) ‘ROSES’ MV,ZEROBASEONE,UCSAp0Yl9S0Zq5uDqE6im_XQ,2120000,505493,38828,2400,0.2384,0.0768,20260123,4,146,3840,2160,30,1.778,False,False,True,False,2026-07-16T23:39:24,1,145.55,29.97,49,2.97,1.7,0.57,14.01,20.2,0.698,0.477,145.57,198.8,D# major,0.719,0.2964,0.1172,2933.0,2.99,120,-10.3,2.7,anime,평온,0.429,0.469,1.1,0.102,41,15,16.9,ko,asr,15,anime,2,True,행복,인물 클로즈업,0.925,0.543,31,False,0,True,0,0.111,0.438,0.76,9.68,15,9.8,사랑,희망,긍정,2인칭 대상,0.027,False,5,0.618,0.824,bottom,0.5742,35,11,70,0.2917,0.006889,0.745,1.0
kpop,3s3BVG798aU,ENHYPEN (엔하이픈) 'No Way Back (Feat. So!YoON!)' MV,ENHYPEN,UCArLZtok93cO5R9RI4_Y5Jw,14000000,4206859,286023,10000,0.3005,0.068,20260214,5,192,3840,2160,24,1.778,False,False,True,False,2026-07-16T23:45:37,7,192.32,23.976,72,2.67,1.86,0.63,21.27,22.5,0.205,0.335,192.33,89.1,F minor,0.671,0.298,0.124,2384.0,3.23,110,-10.8,3.5,live_action,긴장,0.347,0.569,2.25,0.0,43,0,13.4,ko,asr,0,anime|live_action|3dcg|motion_graphics|mixed,1,False,긴장,인물 클로즈업,0.141,0.448,48,False,0,True,2,0.118,0.465,1.49,2.46,0,4.0,이별,희망,긍정,1인칭 독백,0.104,True,6,0.733,0.572,bottom,0.5286,155,3,105,0.1831,-0.020584,0.6785,0.6468
kpop,wQLEkO71PAk,화사 (HWASA) - ‘Good Goodbye (with. Duomo)’ Official Video,HWASA,UCiM8arBZ-GyuBFG3wy6fEgw,1950000,1087835,39778,1700,0.5579,0.0366,20251031,4,258,3840,2160,24,1.778,False,False,True,False,2026-07-16T23:53:34,3,257.46,24.0,59,4.36,2.75,0.67,26.5,13.7,0.318,0.351,257.47,172.3,E major,0.884,0.13,0.0667,1439.0,1.84,130,-16.7,7.0,live_action,평온,0.356,0.39,1.58,0.0,0,,0.0,ko,,,live_action,2,True,평온,인물 클로즈업,0.397,0.544,56,False,0,False,0,0.1,0.5,1.78,11.08,,12.6,,,,,0.0,False,1,0.652,0.505,bottom,,,,,,0.008736,0.535,1.0
kpop,v5_GoNFr5wc,ZEROBASEONE (제로베이스원) ‘Running to Future’ MV,ZEROBASEONE,UCSAp0Yl9S0Zq5uDqE6im_XQ,2120000,1262675,93332,10000,0.5956,0.0739,20260109,4,239,3840,2160,24,1.778,False,False,True,False,2026-07-17T00:00:58,1,238.74,23.976,121,1.97,1.58,0.67,8.8,30.4,0.442,0.245,238.75,172.3,D major,0.831,0.1904,0.0902,2503.0,3.55,140,-13.8,8.0,live_action,평온,0.347,0.455,2.34,0.165,64,5,16.1,ko,asr,5,anime,1,True,평온,인물 클로즈업,0.682,0.5,43,False,0,True,0,0.082,0.575,0.9,5.3,5,5.7,희망,사랑,긍정,1인칭 독백,0.176,True,7,0.421,0.586,bottom,0.4846,64,2,99,0.25,-0.02649,0.965,0.8741
kpop,2GJfWMYCWY0,BLACKPINK - ‘GO’ M/V,BLACKPINK,UCOmHUn--16B90oW2L6FRR3A,101000000,86608605,3756836,395000,0.8575,0.0434,20260227,4,201,3840,2160,24,1.778,False,False,True,True,2026-07-17T00:12:19,21,201.24,23.976,98,2.05,1.48,0.67,13.6,29.2,0.354,0.195,201.27,103.4,D minor,0.773,0.2717,0.1389,2311.0,3.57,180,-12.1,6.1,live_action,긴장,0.582,0.306,1.37,0.041,30,13,8.9,ko,asr,,live_action,4,True,활기,인물 클로즈업,0.589,0.063,20,False,0,False,0,0.125,0.381,1.24,5.09,13,3.5,,,,,0.03,False,5,0.32,0.894,bottom,0.5342,17,15,79,0.1753,-0.011986,0.3166,0.8737
kpop,-XrrMwG8jRI,XG - 4 SEASONS (Official Music Video),XG,UC12HMtO5MYph9dCZZ7yygng,4860000,4265770,80912,3300,0.8777,0.019,20251224,2,277,2880,2160,24,1.333,False,False,True,False,2026-07-17T00:22:27,1,276.61,23.976,96,2.88,2.23,0.67,12.97,20.8,0.406,0.466,276.65,89.1,E major,0.725,0.1547,0.0815,2402.0,3.4,190,-15.3,4.2,live_action,평온,0.604,0.094,1.93,0.021,52,21,11.3,ko,asr,,anime|live_action|3dcg|motion_graphics|mixed,3,True,활기,인물 클로즈업,0.297,0.463,37,False,0,True,0,0.148,0.379,0.87,1.96,21,4.3,,,,,0.0,False,8,0.777,0.687,bottom,0.4695,,0,,0.2105,-0.006586,0.835,0.9971
kpop,8xb_P7ureNU,XG - ROCK THE BOAT (Official Music Video),XG,UC12HMtO5MYph9dCZZ7yygng,4860000,7222851,224013,9200,1.4862,0.031,20260222,6,190,3840,2160,24,1.778,False,False,True,False,2026-07-17T00:31:37,3,190.37,24.0,71,2.68,1.38,0.62,14.75,22.4,0.52,0.294,190.41,95.7,D minor,0.497,0.1747,0.0981,2313.0,4.21,110,-15.1,5.3,live_action,활기,0.183,0.394,3.75,0.014,69,2,21.7,ko,asr,,live_action,3,True,평온,인물 클로즈업,0.619,0.188,41,False,0,True,0,0.129,0.386,1.63,13.08,2,4.3,,,,,0.032,False,2,0.511,0.578,bottom,0.3545,,0,8,0.3429,-0.00434,0.0754,0.9109
kpop,SJpmNMWboWg,"DAYOUNG (다영) ""body"" Official MV",STARSHIP,UCYDmx2Sfpnaxg488yBpZIGg,6710000,10705909,189713,6600,1.5955,0.0177,20250909,1,185,3840,2160,24,1.778,False,False,True,False,2026-07-17T00:40:00,2,185.18,23.976,50,3.7,2.31,0.71,15.85,16.2,0.513,0.31,185.19,123.0,C# minor,0.562,0.2839,0.1609,2597.0,3.91,80,-10.7,7.8,live_action,활기,0.16,0.46,3.86,0.06,66,12,21.4,ko,asr,12,live_action,5,True,활기,인물 클로즈업,0.561,0.236,31,False,0,True,0,0.096,0.531,1.51,5.21,12,7.6,,,,,0.14,True,3,0.143,0.432,bottom,0.3647,,0,51,0.4694,0.011073,0.2564,1.0
kpop,cRFWo5vWrcw,ATEEZ(에이티즈) - 'Ash' Official MV,KQ ENTERTAINMENT,UCQdq-lqPEq_yZ_wP_kuVB9Q,3350000,5674337,229134,14000,1.6938,0.0404,20250916,1,216,3840,2160,24,1.778,False,False,True,False,2026-07-17T00:47:21,8,216.3,23.976,98,2.21,1.5,0.67,22.56,27.2,0.233,0.287,216.31,123.0,F major,0.806,0.2476,0.1414,2359.0,3.13,130,-11.6,11.5,live_action,긴장,0.571,0.235,1.31,0.041,73,28,20.2,ko,asr,28,live_action,1,True,슬픔,인물 클로즈업,0.244,0.211,31,False,0,True,0,0.136,0.32,1.78,10.01,28,4.5,이별,,부정,1인칭 독백,0.019,False,1,0.336,0.601,bottom,0.512,,0,91,0.3918,0.007821,0.9092,1.0
kpop,f8mkCg5T2gE,모모랜드 (MOMOLAND) - RODEO [Music Video],MOMOLAND (모모랜드),UCfWtQwSgfy3tm0zUt-PWG-g,1000000,1710615,74492,8600,1.7106,0.0435,20250908,0,208,3840,2160,24,1.778,False,False,True,False,2026-07-17T00:56:43,2,207.75,23.976,108,1.92,1.42,0.63,8.17,31.2,0.509,0.438,207.77,123.0,G minor,0.343,0.3329,0.1122,2935.0,4.39,180,-9.6,4.0,live_action,활기,0.417,0.269,3.28,0.185,63,6,18.2,ko,asr,16,live_action,4,True,활기,인물 클로즈업,0.585,0.369,37,False,1,True,0,0.102,0.486,1.55,0.63,6,3.9,희망,,긍정,1인칭 독백,0.058,False,5,0.29,0.866,bottom,0.4326,,0,12,0.271,-0.002375,0.615,1.0
